Datum;Event_Name;Typ;Gewichtung;Ort
2022-07-23;FCZ vs FC Luzern;Super League;2;Letzigrund
2022-07-24;GCZ vs FC Lugano;Super League;1;Letzigrund
2022-07-27;FCZ vs Qarabağ Ağdam;UEFA Champions League Qual.;2;Letzigrund
2022-08-06;GCZ vs FC St. Gallen 1879;Super League;1;Letzigrund
2022-08-07;FCZ vs FC Sion;Super League;2;Letzigrund
2022-08-11;FCZ vs Linfield FC;UEFA Europa League Qual.;2;Letzigrund
2022-08-18;FCZ vs Heart of Midlothian FC;UEFA Europa League Qual.;2;Letzigrund
2022-08-28;FCZ vs FC Basel 1893;Super League;2;Letzigrund
2022-09-03;FCZ vs FC Lugano;Super League;2;Letzigrund
2022-09-04;GCZ vs FC Winterthur;Super League;1;Letzigrund
2022-09-08;FCZ vs FC Arsenal;UEFA Europa League;2;Letzigrund
2022-10-01;GCZ vs FC Zürich;Super League;1;Letzigrund
2022-10-06;FCZ vs PSV Eindhoven;UEFA Europa League;2;Letzigrund
2022-10-08;GCZ vs FC Sion;Super League;1;Letzigrund
2022-10-09;FCZ vs FC Winterthur;Super League;2;Letzigrund
2022-10-16;FCZ vs BSC Young Boys;Super League;2;Letzigrund
2022-10-20;GCZ vs Servette FC;Super League;1;Letzigrund
2022-10-23;FCZ vs Grasshopper Club Zürich;Super League;2;Letzigrund
2022-10-27;FCZ vs FK Bodø/Glimt;UEFA Europa League;2;Letzigrund
2022-10-29;GCZ vs FC Luzern;Super League;1;Letzigrund
2022-11-12;GCZ vs FC Basel 1893;Super League;1;Letzigrund
2022-11-13;FCZ vs Servette FC;Super League;2;Letzigrund
2023-01-21;GCZ vs BSC Young Boys;Super League;1;Letzigrund
2023-01-29;FCZ vs FC St. Gallen 1879;Super League;2;Letzigrund
2023-02-01;GCZ vs FC Basel 1893;Schweizer Cup;1;Letzigrund
2023-02-04;GCZ vs FC Basel 1893;Super League;1;Letzigrund
2023-02-12;FCZ vs FC Winterthur;Super League;2;Letzigrund
2023-02-19;GCZ vs FC Zürich;Super League;1;Letzigrund
2023-02-25;FCZ vs BSC Young Boys;Super League;2;Letzigrund
2023-03-05;FCZ vs Servette FC;Super League;2;Letzigrund
2023-03-12;GCZ vs FC Winterthur;Super League;1;Letzigrund
2023-03-18;FCZ vs FC Luzern;Super League;2;Letzigrund
2023-04-02;GCZ vs FC Lugano;Super League;1;Letzigrund
2023-04-08;FCZ vs FC Basel 1893;Super League;2;Letzigrund
2023-04-16;GCZ vs FC Sion;Super League;1;Letzigrund
2023-04-23;FCZ vs FC St. Gallen 1879;Super League;2;Letzigrund
2023-04-25;GCZ vs BSC Young Boys;Super League;1;Letzigrund
2023-04-30;FCZ vs FC Sion;Super League;2;Letzigrund
2023-05-07;GCZ vs Servette FC;Super League;1;Letzigrund
2023-05-13;GCZ vs FC Luzern;Super League;1;Letzigrund
2023-05-21;FCZ vs Grasshopper Club Zürich;Super League;2;Letzigrund
2023-05-25;GCZ vs FC St. Gallen 1879;Super League;1;Letzigrund
2023-05-29;FCZ vs FC Lugano;Super League;2;Letzigrund
2023-07-22;GCZ vs Servette FC;Super League;1;Letzigrund
2023-07-23;FCZ vs Yverdon Sport FC;Super League;2;Letzigrund
2023-08-05;FCZ vs FC Lugano;Super League;2;Letzigrund
2023-08-06;GCZ vs FC Basel 1893;Super League;1;Letzigrund
2023-08-26;FCZ vs FC St. Gallen 1879;Super League;2;Letzigrund
2023-08-27;GCZ vs FC Luzern;Super League;1;Letzigrund
2023-09-23;GCZ vs FC St. Gallen 1879;Super League;1;Letzigrund
2023-09-26;FCZ vs Grasshopper Club Zürich;Super League;2;Letzigrund
2023-09-30;GCZ vs BSC Young Boys;Super League;1;Letzigrund
2023-10-07;FCZ vs FC Winterthur;Super League;2;Letzigrund
2023-10-22;GCZ vs FC Lugano;Super League;1;Letzigrund
2023-10-28;FCZ vs FC Stade-Lausanne-Ouchy;Super League;2;Letzigrund
2023-11-04;FCZ vs Servette FC;Super League;2;Letzigrund
2023-11-12;GCZ vs FC Stade-Lausanne-Ouchy;Super League;1;Letzigrund
2023-11-25;FCZ vs BSC Young Boys;Super League;2;Letzigrund
2023-12-02;GCZ vs FC Lausanne-Sport;Super League;1;Letzigrund
2023-12-10;FCZ vs FC Luzern;Super League;2;Letzigrund
2023-12-16;GCZ vs Yverdon Sport FC;Super League;1;Letzigrund
2024-01-21;FCZ vs FC Basel 1893;Super League;2;Letzigrund
2024-01-28;GCZ vs FC Zürich;Super League;1;Letzigrund
2024-01-31;FCZ vs FC Lausanne-Sport;Super League;2;Letzigrund
2024-02-03;GCZ vs FC Winterthur;Super League;1;Letzigrund
2024-02-10;FCZ vs Grasshopper Club Zürich;Super League;2;Letzigrund
2024-02-17;GCZ vs FC Basel 1893;Super League;1;Letzigrund
2024-02-24;GCZ vs FC Luzern;Super League;1;Letzigrund
2024-02-28;FCZ vs FC Winterthur;Schweizer Cup;1;Letzigrund
2024-03-03;FCZ vs BSC Young Boys;Super League;2;Letzigrund
2024-03-16;GCZ vs FC St. Gallen 1879;Super League;1;Letzigrund
2024-03-17;FCZ vs FC Stade-Lausanne-Ouchy;Super League;2;Letzigrund
2024-04-01;GCZ vs FC Lausanne-Sport;Super League;1;Letzigrund
2024-04-03;FCZ vs FC Winterthur;Super League;2;Letzigrund
2024-04-13;GCZ vs FC Lugano;Super League;1;Letzigrund
2024-04-21;FCZ vs FC St. Gallen 1879;Super League;2;Letzigrund
2024-05-04;GCZ vs FC Stade-Lausanne-Ouchy;Super League;1;Letzigrund
2024-05-05;FCZ vs BSC Young Boys;Super League;2;Letzigrund
2024-05-14;GCZ vs Yverdon Sport FC;Super League;1;Letzigrund
2024-05-15;FCZ vs Servette FC;Super League;2;Letzigrund
2024-05-18;GCZ vs FC Basel 1893;Super League;1;Letzigrund
2024-05-20;FCZ vs FC Lugano;Super League;2;Letzigrund
2024-05-26;GCZ vs FC Thun;Super League Barrage;1;Letzigrund
2024-07-25;FCZ vs Shelbourne FC;UEFA Conference League Qual.;2;Letzigrund
2024-07-27;GCZ vs FC Luzern;Super League;1;Letzigrund
2024-07-28;FCZ vs FC Winterthur;Super League;2;Letzigrund
2024-08-03;GCZ vs FC Basel 1893;Super League;1;Letzigrund
2024-08-08;FCZ vs Vitória Guimarães SC;UEFA Conference League Qual.;2;Letzigrund
2024-08-11;FCZ vs FC Lausanne-Sport;Super League;2;Letzigrund
2024-08-24;GCZ vs FC Sion;Super League;1;Letzigrund
2024-09-01;FCZ vs FC Luzern;Super League;2;Letzigrund
2024-09-21;GCZ vs Servette FC;Super League;1;Letzigrund
2024-09-29;FCZ vs FC Sion;Super League;2;Letzigrund
2024-10-06;FCZ vs FC Lugano;Super League;2;Letzigrund
2024-10-19;GCZ vs FC Zürich;Super League;1;Letzigrund
2024-10-27;FCZ vs Servette FC;Super League;2;Letzigrund
2024-10-31;GCZ vs FC Lugano;Super League;1;Letzigrund
2024-11-02;FCZ vs BSC Young Boys;Super League;2;Letzigrund
2024-11-10;GCZ vs FC St. Gallen 1879;Super League;1;Letzigrund
2024-11-23;GCZ vs FC Winterthur;Super League;1;Letzigrund
2024-11-30;FCZ vs Grasshopper Club Zürich;Super League;2;Letzigrund
2024-12-03;GCZ vs FC Zürich;Schweizer Cup;1;Letzigrund
2024-12-07;GCZ vs Yverdon Sport FC;Super League;1;Letzigrund
2024-12-15;FCZ vs FC St. Gallen 1879;Super League;2;Letzigrund
2025-01-19;FCZ vs Yverdon Sport FC;Super League;2;Letzigrund
2025-01-25;GCZ vs BSC Young Boys;Super League;1;Letzigrund
2025-02-02;FCZ vs FC Basel 1893;Super League;2;Letzigrund
2025-02-04;GCZ vs FC Lausanne-Sport;Super League;1;Letzigrund
2025-02-09;FCZ vs FC St. Gallen 1879;Super League;2;Letzigrund
2025-02-16;GCZ vs Servette FC;Super League;1;Letzigrund
2025-02-22;FCZ vs Yverdon Sport FC;Super League;2;Letzigrund
2025-02-27;FCZ vs BSC Young Boys;Schweizer Cup;1;Letzigrund
2025-03-02;GCZ vs BSC Young Boys;Super League;1;Letzigrund
2025-03-09;FCZ vs Servette FC;Super League;2;Letzigrund
2025-03-15;FCZ vs FC Luzern;Super League;2;Letzigrund
2025-03-16;GCZ vs FC Sion;Super League;1;Letzigrund
2025-03-30;GCZ vs FC Zürich;Super League;1;Letzigrund
2025-04-02;FCZ vs FC Lausanne-Sport;Super League;2;Letzigrund
2025-04-06;GCZ vs FC Luzern;Super League;1;Letzigrund
2025-04-12;FCZ vs FC Basel 1893;Super League;2;Letzigrund
2025-04-19;GCZ vs FC Winterthur;Super League;1;Letzigrund
2025-05-10;FCZ vs Grasshopper Club Zürich;Super League;2;Letzigrund
2025-05-13;FCZ vs FC Winterthur;Super League;2;Letzigrund
2025-05-14;GCZ vs Yverdon Sport FC;Super League;1;Letzigrund
2025-05-22;GCZ vs FC St. Gallen 1879;Super League;1;Letzigrund
2025-05-27;GCZ vs FC Aarau;Super League Barrage;1;Letzigrund
2025-07-25;FCZ vs FC Sion;Super League;2;Letzigrund
2025-07-26;GCZ vs FC Luzern;Super League;1;Letzigrund
2025-08-23;FCZ vs FC Thun;Super League;2;Letzigrund
2025-08-24;GCZ vs FC Winterthur;Super League;1;Letzigrund
2025-09-13;FCZ vs Servette FC;Super League;2;Letzigrund
2025-09-14;GCZ vs FC Lausanne-Sport;Super League;1;Letzigrund
2025-09-27;FCZ vs FC St. Gallen 1879;Super League;2;Letzigrund
2025-10-04;GCZ vs FC Zürich;Super League;1;Letzigrund
2025-10-19;GCZ vs FC Sion;Super League;1;Letzigrund
2025-10-26;FCZ vs BSC Young Boys;Super League;2;Letzigrund
2025-10-30;GCZ vs BSC Young Boys;Super League;1;Letzigrund
2025-11-01;FCZ vs FC Lausanne-Sport;Super League;2;Letzigrund
2025-11-08;FCZ vs FC Luzern;Super League;2;Letzigrund
2025-11-23;GCZ vs FC Basel 1893;Super League;1;Letzigrund
2025-11-29;FCZ vs Grasshopper Club Zürich;Super League;2;Letzigrund
2025-12-06;GCZ vs Servette FC;Super League;1;Letzigrund
2025-12-13;FCZ vs FC Winterthur;Super League;2;Letzigrund
2025-12-17;FCZ vs FC Lugano;Super League;2;Letzigrund
2025-12-21;GCZ vs FC St. Gallen 1879;Super League;1;Letzigrund
2026-01-18;GCZ vs FC Thun;Super League;1;Letzigrund
2026-01-25;FCZ vs FC Basel 1893;Super League;2;Letzigrund
2026-01-31;GCZ vs FC Lugano;Super League;1;Letzigrund
2026-02-03;GCZ vs FC Sion;Schweizer Cup;1;Letzigrund
2026-02-07;GCZ vs BSC Young Boys;Super League;1;Letzigrund
2026-02-11;FCZ vs FC Winterthur;Super League;2;Letzigrund
2026-02-14;FCZ vs FC Luzern;Super League;2;Letzigrund
2026-02-21;GCZ vs FC Zürich;Super League;1;Letzigrund
2026-03-01;GCZ vs FC Lugano;Super League;1;Letzigrund
2026-03-04;FCZ vs FC Lausanne-Sport;Super League;2;Letzigrund
2026-03-08;GCZ vs FC Lausanne-Sport;Super League;1;Letzigrund
2026-03-14;FCZ vs FC Sion;Super League;2;Letzigrund
2026-03-21;FCZ vs FC Thun;Super League;2;Letzigrund
2026-04-06;GCZ vs FC Sion;Super League;1;Letzigrund
2026-04-11;FCZ vs FC Lugano;Super League;2;Letzigrund
2026-04-25;GCZ vs FC Luzern;Super League;1;Letzigrund
2026-05-03;GCZ vs Servette FC;Super League;1;Letzigrund
2026-05-09;FCZ vs Grasshopper Club Zürich;Super League;2;Letzigrund
2026-05-12;GCZ vs FC Winterthur;Super League;1;Letzigrund
2026-05-16;FCZ vs Servette FC;Super League;2;Letzigrund
